ID,Tags Command
8876602851615,Bosch-bonus-GBA18V40 | MERGE
8876651020575,Bosch-bonus-GBA18V40 | MERGE
8876651577631,Bosch-bonus-GBA18V40 | MERGE
8876733530399,Bosch-bonus-GBA18V40 | MERGE
8876734316831,Bosch-bonus-GBA18V40 | MERGE
8876734677279,Bosch-bonus-GBA18V40 | MERGE
8876735562015,Bosch-bonus-GBA18V40 | MERGE
8876738380063,Bosch-bonus-GBA18V40 | MERGE
8876738740511,Bosch-bonus-GBA18V40 | MERGE
8876740542751,Bosch-bonus-GBA18V40 | MERGE
8876776718623,Bosch-bonus-GBA18V40 | MERGE
9190119866655,Bosch-bonus-GBA18V40 | MERGE
9190176489759,Bosch-bonus-GBA18V40 | MERGE
9409811906847,Bosch-bonus-GBA18V40 | MERGE
9436983558431,Bosch-bonus-GBA18V40 | MERGE
9790109024543,Bosch-bonus-GBA18V40 | MERGE
9790111383839,Bosch-bonus-GBA18V40 | MERGE
9790314676511,Bosch-bonus-GBA18V40 | MERGE
9795413836063,Bosch-bonus-GBA18V40 | MERGE
9807672115487,Bosch-bonus-GBA18V40 | MERGE
10143609553183,Bosch-bonus-GBA18V40 | MERGE
10154172252447,Bosch-bonus-GBA18V40 | MERGE
10154243719455,Bosch-bonus-GBA18V40 | MERGE
